{"cameraMode":{"drawMode":0,"name":"Shaded","section":"Shading Mode"},"sceneLighting":true,"audioPlay":false,"sceneViewState":{"m_AlwaysRefresh":false,"showFog":true,"showSkybox":true,"showFlares":true,"showImageEffects":true,"showParticleSystems":true,"showVisualEffectGraphs":true,"m_FxEnabled":true},"in2DMode":false,"pivot":{"x":-0.0014308691024780274,"y":0.20927929878234864,"z":-0.09390079975128174},"rotation":{"x":-0.06937231868505478,"y":0.9200661778450012,"z":-0.19034123420715333,"w":-0.3353292942047119},"size":6.456183433532715,"orthographic":false}