{"cameraMode":{"drawMode":0,"name":"Shaded","section":"Shading Mode"},"sceneLighting":false,"audioPlay":false,"sceneViewState":{"m_AlwaysRefresh":false,"showFog":true,"showSkybox":false,"showFlares":true,"showImageEffects":true,"showParticleSystems":true,"showVisualEffectGraphs":true,"m_FxEnabled":true},"in2DMode":false,"pivot":{"x":0.03783959150314331,"y":-0.8055210709571838,"z":-2.902859687805176},"rotation":{"x":0.12493541836738587,"y":0.8653496503829956,"z":-0.4056043326854706,"w":0.2665475308895111},"size":1.9790910482406617,"orthographic":false}